name,category,full_address,city,state,zip,phone,website,cuisine,hours,lat,lon
Barfield Murphy Shank & Smith LLC,Accountant,,Auburn,AL,,,,,,32.6067003,-85.4802438
"Eden Scott & Associates, P.C.",Accountant,201 North Dean Road,Auburn,AL,,,,,,32.6155666,-85.4639793
Ellis Harper Advertising,Advertising Agency,,Auburn,AL,,,,,,32.6145144,-85.4701483
Lee County Humane Society,Animal Shelter,1140 Ware Drive,Auburn,AL,36832,,,,,32.6195339,-85.5053687
Downtowner Apartments,Apartment,156 East Magnolia Avenue,Auburn,AL,36830,+1-334-329-0708,,,,32.6064021,-85.4803691
Moores Mill Place,Apartment,429 Moores Mill Road,Auburn,AL,36830,,,,,32.5974837,-85.4735019
Auburn Art,Art,102 North College Street,Auburn,AL,,+1-334-887-7788,https://auburnart.com/,,Mo-Sa 10:00-19:00; Su 12:00-17:00,32.6067751,-85.4815397
The Gallery at Vignettes,Art,,Auburn,AL,,,,,,32.6067936,-85.4745206
Bent,Artwork,,Auburn,AL,,,,,,32.6054164,-85.4874807
Bo Jackson,Artwork,,Auburn,AL,,,,,,32.6015277,-85.4881099
Cam Newton,Artwork,,Auburn,AL,,,,,,32.6012999,-85.4883599
Charles Barkley,Artwork,,Auburn,AL,,,,,,32.602131,-85.4923738
Eta Kappa Nu,Artwork,,Auburn,AL,,,,,,32.6063949,-85.4844618
John Heisman,Artwork,,Auburn,AL,,,,,,32.6016188,-85.4879864
Monody,Artwork,,Auburn,AL,,,,,,32.5982108,-85.4861187
Pat Sullivan,Artwork,,Auburn,AL,,,,,,32.6017546,-85.4879442
Civil War Cannon Lathe,Attraction,,Auburn,AL,,,,,,32.6050083,-85.4826767
Founders' Oak,Attraction,,Auburn,AL,,,,,,32.5961541,-85.4833883
University Seal,Attraction,,Auburn,AL,,,,,,32.6053803,-85.482551
Mavis Tires & Brakes,Auto Repair,1646 South College Street,Auburn,AL,36832,,,,,32.5759362,-85.4990301
Pep Boys,Auto Repair,,Auburn,AL,,,,,,32.5810333,-85.4942255
Whitt's Auto Service Center,Auto Repair,461 Opelika Road,Auburn,AL,36830,,,,,32.6138207,-85.4726945
Auburn Bank,Bank,,Auburn,AL,,,,,,32.6095697,-85.4637867
Auburn University Federal Credit Union,Bank,,Auburn,AL,,,,,,32.580521,-85.4888491
Cadence Bank,Bank,807 East Glenn Avenue,Auburn,AL,36830,+1 334-821-2220,https://cadencebank.com/,,"Mo-Th 0830-1600, Fr 0830-1700",32.6094395,-85.4646175
Max Credit Union,Bank,336 North Gay Street,Auburn,AL,36830,,,,Mo-Th 9:00-16:00; Fr 9:00-17:00,32.6113184,-85.4796046
MidSouth Bank,Bank,519 East Glenn Avenue,Auburn,AL,36830,+1 334-887-6440,https://www.bankmidsouth.com/,,"Mo-Th 0900-1600, Fr 0900-1700",32.6094861,-85.4721423
PNC Bank,Bank,101 South College Street,Auburn,AL,36830,,,,,32.6063748,-85.4815381
Regions Bank,Bank,165 North College Street,Auburn,AL,,+1-334-321-7140,https://www.regions.com/locator/al/auburn/full-service-branch-165-north-college-st,,,32.6084213,-85.4821226
River Bank & Trust,Bank,1192 South Donahue Drive,Auburn,AL,36830,,,,,32.5841327,-85.489139
Southern States Bank,Bank,,Auburn,AL,,,,,,32.616822,-85.4643403
Truist,Bank,325 North Gay Street,Auburn,AL,36830,,,,Mo-Fr 9:00-17:00,32.6116477,-85.4803774
Wells Fargo,Bank,307 North Gay Street,Auburn,AL,36830,,,,Mo-Fr 09:00-17:00,32.6108255,-85.4803486
17-16 Bar,Bar/Pub,156 East Magnolia Avenue,Auburn,AL,36830,,,,,32.6063502,-85.480487
Draft House,Bar/Pub,,Auburn,AL,,,,,,32.6066929,-85.4803422
SkyBar,Bar/Pub,136 West Magnolia Avenue,Auburn,AL,36830,,,,,32.6069635,-85.4827846
Southeastern,Bar/Pub,West Magnolia Avenue,Auburn,AL,,,,,,32.6069283,-85.4823114
City Nails & Spa,Beauty/Salon,,Auburn,AL,,+1 334-826-5688,,,Mo-Sa 09:30-19:30,32.5759463,-85.4968118
Dimensions Salon,Beauty/Salon,,Auburn,AL,,,,,,32.6063874,-85.4802566
Luxury Nail Spa,Beauty/Salon,,Auburn,AL,,,,,,32.6068332,-85.481531
Nail Love,Beauty/Salon,300 North Dean Road,Auburn,AL,,+1-334-826-3511,,,"Mo-Tu,Th-Fr 09:00-18:00; Sa 10:00-16:00",32.6112381,-85.4634884
Palm Beach Tan,Beauty/Salon,814-A Annalue Drive,Auburn,AL,36830,,https://palmbeachtan.com/locations/AL/Auburn-Annalue-Drive,,"Su 12:00-20:00, Mo-Th 07:00-22:00, Fr 07:00-21:00, Sa 10:00-20:00",32.6118895,-85.4640334
Pretty Please Nail Salon,Beauty/Salon,,Auburn,AL,,,,,,32.6079663,-85.4819043
T - Nails,Beauty/Salon,1409 South College Street,Auburn,AL,36832,,,,,32.5806031,-85.4946753
Auburn Furniture,Bed,507 Opelika Road,Auburn,AL,36830,,,,,32.6142558,-85.4712785
James Bros Bikes,Bicycle,1100 South College Street,Auburn,AL,36832,+1-334-821-0555,https://www.jamesbrosbikes.com,,Mo 10:00-15:00; Tu-Fr 10:00-18:00; Sa 10:00-15:00,32.58499,-85.4902535
Auburn Oil Co. Booksellers,Bookstore,,Auburn,AL,,+1-334-246-3003,,,"Mo-Th 07:30-18:00; Fr,Sa 07:30-19:00; Su 09:00-18:00",32.6067438,-85.4807809
Auburn University Bookstore,Bookstore,351 Thach Concourse,Auburn,AL,36849,,,,,32.6037004,-85.4863232
Johnston & Malone Book Store,Bookstore,115 South College Street,Auburn,AL,36830,+1-334-887-7007,https://www.jmbooks.com/,,Mo-Fr 09:00-17:00; Sa 10:00-17:00,32.6060368,-85.4815276
Behind the Glass,Boutique,,Auburn,AL,,,,,,32.606393,-85.4801384
Therapy,Boutique,,Auburn,AL,,,,,,32.6063763,-85.4805444
Bowlero,Bowling Alley,719 Opelika Road,Auburn,AL,36830,+1-334-887-6573,,,"Tu-Th 11:00-24:00, Fr 11:00-01:00, Sa 12:00-01:00, Su 12:00-23:00",32.6168101,-85.4654039
Bizilia's Cafe,Cafe/Coffee,134 North College Street,Auburn,AL,36830,,,,,32.6075308,-85.4815336
Coffee Cat,Cafe/Coffee,124 Tichenor Avenue,Auburn,AL,36830,,,coffee_shop,,32.6079971,-85.4808117
Coffee Mafia,Cafe/Coffee,,Auburn,AL,,,,coffee_shop,,32.598147,-85.4801127
Corner Office,Cafe/Coffee,540 Devall Drive,Auburn,AL,36832,+1-334-649-7400,https://www.cornerofficeau.com/,coffee_shop,Mo-Fr 08:00-15:00,32.5867104,-85.4931009
Kung Fu Tea,Cafe/Coffee,116 North College Street,Auburn,AL,36830,,,bubble_tea,,32.6070868,-85.4815366
One Bike Coffee,Cafe/Coffee,1100 South College Street,Auburn,AL,36830,+1-334-707-3746,https://www.onebikecoffee.com/,coffee_shop,,32.5849829,-85.4902071
Prevail Union,Cafe/Coffee,,Auburn,AL,,,,coffee_shop,,32.6056918,-85.4815377
Ross House,Cafe/Coffee,,Auburn,AL,,,,,,32.6078531,-85.4747849
Starbucks,Cafe/Coffee,255 Heisman Drive,Auburn,AL,36849,+1 334-844-8423,https://www.starbucks.com/store-locator/store/10815/auburn-university-student-ctr-255-heisman-dr-auburn-al-36849-us,coffee_shop,,32.6024253,-85.4864291
The Cup & Saucer Market and Cafe,Cafe/Coffee,,Auburn,AL,,,,,,32.6146798,-85.4700528
The Stop,Cafe/Coffee,,Auburn,AL,,,,,,32.5777416,-85.489453
Well Red,Cafe/Coffee,223 Opelika Road,Auburn,AL,36830,+1-334-246-3021,https://www.wellredau.com/,coffee_shop;pastry,Mo-Th 07:00-21:00; Fr 07:00-22:00; Sa 08:00-22:00; Su 09:00-14:00,32.6125502,-85.4788855
Yummy World,Cafe/Coffee,,Auburn,AL,,,,bubble_tea,"Mo,We-Th,Su 12:00-21:00; Fr-Sa 12:00-21:30",32.5757276,-85.4968946
Hyundai of Auburn,Car Dealership,,Auburn,AL,,,,,,32.6179201,-85.463609
Advance Auto Parts,Car Parts,446 Opelika Road,Auburn,AL,36830,,https://stores.advanceautoparts.com/al/auburn/446-opelika-rd,,,32.6129312,-85.4734769
Auburn Generator and Starter,Car Parts,225 North College Street,Auburn,AL,36830,,,,,32.6097276,-85.4820538
"Auburn, AL - South College Street Supercharger",Charging Station,110 East University Drive,Auburn,AL,36832,,https://www.tesla.com/findus/location/supercharger/AuburnALSupercharger22,,24/7,32.57645,-85.49764
Auburn Church of Christ,Church/Worship,720 South College Street,Auburn,AL,36830,,,,,32.5922719,-85.4839191
Auburn First Assembly Of God,Church/Worship,447 North College Street,Auburn,AL,36830,,,,,32.6138087,-85.4813994
Auburn First Baptist Church,Church/Worship,128 East Glenn Avenue,Auburn,AL,36830,+1-334-821-8125,,,,32.6086981,-85.4808221
Auburn Unitarian Universalist Fellowship,Church/Worship,450 East Thach Avenue,Auburn,AL,36830,,,,,32.6039726,-85.4733014
Auburn United Methodist Church,Church/Worship,137 South Gay Street,Auburn,AL,36830,,https://aumc.net,,,32.6056087,-85.478713
Bell Baptist Church,Church/Worship,348 Foster Street,Auburn,AL,36832,,,,,32.611789,-85.4984323
Church of Christ,Church/Worship,,Auburn,AL,,,,,,32.6106689,-85.4866903
First Presbyterian Church of Auburn,Church/Worship,,Auburn,AL,,,,,,32.6045861,-85.4805256
Grace United Methodist Church,Church/Worship,,Auburn,AL,,,,,,32.6100127,-85.4624402
Saint Lukes Christian Methodist Episcopal Church,Church/Worship,,Auburn,AL,,,,,,32.6094133,-85.4905568
St. Dunstan's The Episcopal Church,Church/Worship,136 East Magnolia Avenue,Auburn,AL,36830,,https://saintdunstans.us,,,32.6062375,-85.4807886
Trinity Lutheran Church,Church/Worship,446 South Gay Street,Auburn,AL,36830,+1-334-887-3901,,,,32.5971818,-85.4802571
True Deliverance Holiness Church,Church/Worship,936 North Donahue Drive,Auburn,AL,36832,,,,,32.6236593,-85.4934171
University Church of Christ,Church/Worship,449 North Gay Street,Auburn,AL,36830,,,,,32.6136539,-85.4805828
Village Christian Church,Church/Worship,,Auburn,AL,,,,,,32.5846918,-85.4678235
White Street Baptist Church,Church/Worship,535 Carlisle Drive,Auburn,AL,36832,,,,,32.614216,-85.4927661
Charming Oaks Clothing Company,Clothing Store,,Auburn,AL,,,,,,32.6072911,-85.4818945
DressUp,Clothing Store,,Auburn,AL,,,,,,32.6067176,-85.4803878
Elisabet Boutique,Clothing Store,124 North College Street,Auburn,AL,36830,,,,,32.6072198,-85.4815352
Ellie Clothing,Clothing Store,113 North College Street,Auburn,AL,36830,,,,,32.6070004,-85.4819156
Stamp,Clothing Store,115 North College Street,Auburn,AL,36832,,https://www.stampauburn.com/,,,32.6070623,-85.4819133
Wrapsody,Clothing Store,112 North College Street,Auburn,AL,,,,,Mo-Fr 10:00-18:00; Sa 10:00-17:00,32.6070271,-85.48154
fab'rik,Clothing Store,140 North College Street,Auburn,AL,36830,,,,,32.6076589,-85.4815159
Edward Via College of Osteopathic Medicine,College,,Auburn,AL,,,,,,32.5896427,-85.4923309
Carrol Commons,Common,,Auburn,AL,,,,,,32.6057478,-85.4875044
Boykin Community Center,Community Centre,400 Boykin Street,Auburn,AL,36832,,,,,32.6120562,-85.4940549
Frank Brown Recreation Center,Community Centre,,Auburn,AL,,+1-334-501-2930,https://www.auburnal.gov/parks/facilities/frank-brown-rec-center/,,Mo-Th 6:00-21:00; Fr 06:00-18:00; Sa 08:00-12:00; Su 13:00-18:00,32.6128691,-85.4781605
Alabama Power,Company,,Auburn,AL,,,,,,32.6018606,-85.5104663
Archangel Solutions,Company,,Auburn,AL,,,,,,32.6025018,-85.5151279
B & B Beverage Management,Company,209 Alabama Street,Auburn,AL,36832,+1 334 734 2468,https://beveragemgmt.com,,,32.6037538,-85.5114211
Groomingdales,Company,435 N Dean Rd,Auburn,AL,36830,+1-334-826-8195,https://www.groomingdalesal.com/,,Tu-Fr 07:30-17:30,32.6139919,-85.4651649
SuperSigns Screenprinting,Company,1705 Pumphrey Avenue,Auburn,AL,36832,+1 800 874 7044,https://www.supersigns.biz/,,,32.6024193,-85.5159044
VADA LLC,Company,1510 Pumphrey Avenue,Auburn,AL,36832,,,,,32.6030796,-85.5109631
W. H. Tomas Oil Company,Company,1525 Pumphrey Avenue,Auburn,AL,36832,+1 334 246 5574,https://www.whthomasoil.com/,,Mo-Fr 06:00-17:00,32.6024069,-85.5116437
Weston Solutions,Company,1625 Pumphrey Avenue,Auburn,AL,36832,+1 334 466 5600,https://www.westonsolutions.com,,,32.6023289,-85.5144882
Woodley Enterprises,Computer Store,557 Temple Street,Auburn,AL,36830,,,,,32.6161592,-85.4704194
The Auburn Popcorn Company,Confectionery,,Auburn,AL,,,,,,32.6069051,-85.4815397
University Doughnut Company,Confectionery,,Auburn,AL,,,,,,32.606691,-85.4804294
Delaware Consulting,Consulting,,Auburn,AL,,,,,,32.6067412,-85.4805659
Corner Market,Convenience Store,850 Martin Luther King Drive,Auburn,AL,36832,,,,Mo-Su 07:00-9:00,32.6105858,-85.4987266
Grub Mart,Convenience Store,,Auburn,AL,,,,,,32.6086124,-85.4795
Elbert Lee DMD,Dentist,827 Stage Road,Auburn,AL,36830,,,,,32.615186,-85.4635339
Professional Cleaners,Dry Cleaning,300 North Dean Road,Auburn,AL,,+1-334-826-0273,,,Mo-Fr 07:00-18:00; Sa 08:00-12:00,32.6112351,-85.4640432
Vapor Craft,E-Cigarette,,Auburn,AL,,,,,,32.6095674,-85.4819266
Mises Institute,Educational Institution,518 West Magnolia Avenue,Auburn,AL,36832,,,,,32.6068276,-85.4911305
Love Stuff,Erotic,,Auburn,AL,,,,,,32.57555,-85.4969655
Auburn Realty,Estate Agent,,Auburn,AL,,,,,,32.6089054,-85.4841618
Garden District Main Office,Estate Agent,,Auburn,AL,,,,,,32.5777275,-85.4899136
Liberty Properties,Estate Agent,,Auburn,AL,,,,,,32.6107086,-85.4814773
Northcutt Realty,Estate Agent,248 South Gay Street,Auburn,AL,36830,+1 334-826-7720,https://www.northcuttrealty.com/,,Mo-Fr 08:30-17:00,32.6026316,-85.4803767
Prestige Properties,Estate Agent,103 North Dean Road,Auburn,AL,,+1-334-887-5274,,,,32.6154954,-85.4639784
Weichert Realtors Porter Properties,Estate Agent,472 North Dean Road,Auburn,AL,36830,+1-334-887-2070,,,Mo-Fr 08:00-17:00,32.6157196,-85.4639664
BurgerFi,Fast Food,339 South College Street,Auburn,AL,36830,+1-334-521-5030,,burger,,32.5999194,-85.4815552
Chick-fil-A,Fast Food,255 Heisman Drive,Auburn,AL,36849,+1 334-844-1284,https://www.chick-fil-a.com/locations/al/auburn-university,chicken,Mo-Th 07:30-20:00; Fr 07:30-17:00; Su off,32.6020469,-85.4869481
Chipotle,Fast Food,346 West Magnolia Avenue,Auburn,AL,36832,+1 334-821-7740,https://locations.chipotle.com/al/auburn/346-w-magnolia-ave,mexican,Mo-Su 10:45-23:00,32.6068041,-85.4873209
Domino's,Fast Food,1100 South College Street,Auburn,AL,36830,+1 334-539-4040,https://pizza.dominos.com/alabama/auburn/1100-s-college-st,pizza,Mo-Th 10:00-24:00; Fr-Sa 10:00-01:00; Su 10:00-24:00,32.5847695,-85.4899815
Dunkin',Fast Food,171 North College Street,Auburn,AL,36830,+1 334-707-8552,https://locations.dunkindonuts.com/en/al/auburn/171-n-college-st/359341,donut;coffee_shop,06:00-18:00,32.6086863,-85.4819218
Einstein Bros. Bagels,Fast Food,351 West Thach Concourse,Auburn,AL,36849,+1 800-224-3563,https://locations.einsteinbros.com/us/al/auburn/351-west-thach-concourse,bagel,Oct 03-May 16 Mo-Th 07:00-15:00; Fr 07:00-14:00,32.603779,-85.4868767
Foosackly's,Fast Food,131 North Dean Road,Auburn,AL,36830,,,chicken,,32.6076001,-85.4653911
Guthrie's,Fast Food,,Auburn,AL,,,,chicken,,32.6093608,-85.4811547
Hardee's,Fast Food,800 Wire Road,Auburn,AL,36832,+1 334-329-7028,https://locations.hardees.com/al/auburn/800-wire-rd,burger,,32.593257,-85.5054262
Jack's,Fast Food,,Auburn,AL,,,https://locations.eatatjacks.com/al/auburn/1645-s-college-street/,burger,Mo-Th 05:00-22:00; Fr-Sa 05:00-23:00; Su 06:00-22:00,32.5759663,-85.4980389
Jimmy John's,Fast Food,126 North College Street,Auburn,AL,36830,+1 334-502-0444,https://locations.jimmyjohns.com/al/auburn/sandwiches-553.html,sandwich,,32.6072838,-85.4815417
Little Caesars,Fast Food,,Auburn,AL,,,https://littlecaesars.com/en-us/store/7577/,pizza,Mo-Su 10:30-22:00,32.5760046,-85.4967871
McDonald's,Fast Food,224 West Magnolia Avenue,Auburn,AL,36830,+1 334-821-7185,https://www.mcdonalds.com/us/en-us/location/3427.html,burger,24/7,32.6070807,-85.4838628
Mochiatsu,Fast Food,132 North College Street,Auburn,AL,36830,,https://www.mochiatsu.com/,donut,,32.6074878,-85.4815248
Panda Express,Fast Food,1310 Wilmore Drive,Auburn,AL,36849,+1 334-844-1818,https://www.pandaexpress.com/locations/al/auburn/2010,chinese,Mo-Fr 10:00-21:00,32.6048795,-85.4852165
Panera Bread,Fast Food,231 Mell Street,Auburn,AL,36849,+1 334-844-9271,https://locations.panerabread.com/al/auburn/231-mell-st.html,sandwich;bakery,Mo-Th 00:00-24:00; Fr 00:00-17:00; Sa 09:00-17:00; Su 13:00-24:00,32.6029548,-85.4827267
Papa John's,Fast Food,211 North College Street,Auburn,AL,36830,+1 334-826-7272,https://locations.papajohns.com/united-states/al/36830/auburn/211-n-college-st,pizza,Mo-Th 10:30-23:00; Fr-Sa 10:30-00:30; Su 10:30-23:00,32.6093995,-85.4819311
Smoothie King,Fast Food,,Auburn,AL,,,,juice,,32.5794888,-85.4958099
Sonic,Fast Food,322 North Dean Road,Auburn,AL,36830,+1 334-821-6235,https://locations.sonicdrivein.com/al/auburn/322-north-dean-road.html,burger,Mo-Fr 07:00-02:00; Sa-Su 08:00-02:00,32.6115973,-85.4641119
Subway,Fast Food,334 West Magnolia Avenue,Auburn,AL,36832,+1 334-826-2476,https://restaurants.subway.com/united-states/al/auburn/334-w-magnolia-ave,sandwich,08:00-21:00,32.6067224,-85.4866658
Taco Bell,Fast Food,271 South Gay Street,Auburn,AL,36830,+1 334-821-2017,https://locations.tacobell.com/al/auburn/271-s-gay-st.html,tex-mex,08:00-02:00,32.6017506,-85.4796213
Taco Mama,Fast Food,149 East Magnolia Avenue,Auburn,AL,36830,+1-334-734-5030,http://www.tacomamaonline.com/auburn/,mexican,"Su-Th 11:00-21:30, Fr-Sa 11:00-22:30",32.6066923,-85.4804866
Taziki's Mediterranean Cafe,Fast Food,339 South College Street,Auburn,AL,36830,,,mediterranean,,32.5996554,-85.4815956
The Edge at Central Dining,Fast Food,,Auburn,AL,,,,,,32.6002844,-85.4875047
Willie's Wings and Stuff,Fast Food,422-b South Gay Street,Auburn,AL,36830,,,wings,,32.5980365,-85.4802985
Wings Etc.,Fast Food,201 West Glenn Avenue,Auburn,AL,36830,+1-334-521-5095,https://wingsetc.com/,chicken,"Mo-Th 11:00-23:00, Fr-Sa 11:00-24:00, Su 11:00-22:00",32.6088757,-85.4833081
Wingstop,Fast Food,231 North Dean Road,Auburn,AL,36830,+1 334-780-9464,,wings,,32.610123,-85.4653343
Security Finance,Financial,,Auburn,AL,,,,,,32.6145852,-85.4701678
"Auburn Fire Department, Station #1",Fire Station,,Auburn,AL,,,,,,32.6071359,-85.4755023
Ann Vance Ginn Plaza Fountain,Fountain,,Auburn,AL,,,,,,32.6056007,-85.4864906
Anne Terrell Basore Memorial Garden,Garden,,Auburn,AL,,,,,,32.6051309,-85.4828463
Carnivorous Plant Garden,Garden,,Auburn,AL,,,,,,32.5947657,-85.4838413
Centennial Garden,Garden,,Auburn,AL,,,,,,32.6044468,-85.4838568
Chevron,Gas Station,,Auburn,AL,,,,,,32.5777535,-85.4971886
Circle K,Gas Station,,Auburn,AL,,,,,,32.5931578,-85.5060201
Exxon,Gas Station,,Auburn,AL,,,,,,32.5985938,-85.4802792
Marathon,Gas Station,,Auburn,AL,,,,,,32.6161366,-85.4649301
Shell,Gas Station,,Auburn,AL,,,,,,32.6138468,-85.4718036
SÄCO (Saco),Gas Station,802 Opelika Road,Auburn,AL,36830,+1-334-246-3830,,,,32.6165353,-85.4640754
Valero,Gas Station,,Auburn,AL,,,https://locations.valero.com/en-us/LocationDetails/Index/435-N-DEAN-RD/0000024721,,,32.614186,-85.4649488
Toomer's Drugs,General,100 North College Street,Auburn,AL,36830,+1-334-887-3488,http://www.toomersdrugs.com/,,"Su 12:00-17:00, Mo-Fr 10:00-18:00, Sa 10:00-19:00",32.6067044,-85.4815391
Auburn Flowers and Gifts,Gift,,Auburn,AL,,,,,,32.6094788,-85.4819274
Bailey-Alexander Complex,Government,1501 West Samford Avenue,Auburn,AL,36832,,,,,32.600056,-85.5099456
Westview Cemetery,Grave Yard,700 Westview Drive,Auburn,AL,36830,,https://www.auburnalabama.org/parks/facilities/westview-cemetery/,,,32.6204128,-85.4955298
Aldi,Grocery/Supermarket,1617 South College Street,Auburn,AL,36832,,,,,32.5762905,-85.4967187
Kroger,Grocery/Supermarket,300 North Dean Road,Auburn,AL,36830,+1 334-821-1325,https://www.kroger.com/stores/grocery/al/auburn/corner-village/011/00260,,Mo-Su 06:00-23:00,32.6105188,-85.4634465
Publix,Grocery/Supermarket,138 South Gay Street,Auburn,AL,36830,+1 334-502-3616,https://www.publix.com/locations/1822,,Mo-Su 07:00-22:00,32.6053305,-85.4808115
Crossfit On the Plains,Gym/Fitness,467 North Dean Road,Auburn,AL,36830,,,,,32.614553,-85.4657378
Max Fitness,Gym/Fitness,,Auburn,AL,,,,,,32.5797413,-85.4919501
My Gym,Gym/Fitness,300 North Dean Road,Auburn,AL,,,,,,32.6112028,-85.4635359
Tiger Iron Gym,Gym/Fitness,1655 South College Street,Auburn,AL,36832,,,,,32.5752982,-85.4970578
Campus Barber Shop,Hair Salon/Barber,,Auburn,AL,,,,,,32.6069401,-85.4818883
Great Clips,Hair Salon/Barber,,Auburn,AL,,,,,,32.6095756,-85.463684
Precision Cuts Barber & Beauty,Hair Salon/Barber,,Auburn,AL,,,,,,32.6132148,-85.4756287
Statik Salon,Hair Salon/Barber,1100 South College Street,Auburn,AL,36830,+1-334-821-5555,https://www.statiksalonauburn.com,,Tu-Fr 10:00-18:00; Sa 10:00-15:00,32.5848947,-85.4900944
Unique Image,Hair Salon/Barber,460 Opelika Road,Auburn,AL,36830,,,,,32.6131602,-85.4728898
Auburn Hardware,Hardware Store,117 East Magnolia Avenue,Auburn,AL,36830,,,,,32.6068033,-85.4812057
Russell Building Supply,Hardware Store,141 Bragg Avenue,Auburn,AL,36830,,,,,32.6108055,-85.4845711
Auburn University Medical Clinic,Hospital/Medical,400 Lem Morrison Drive,Auburn,AL,36849,,https://cws.auburn.edu/aumc/,,,32.5931187,-85.488034
Dr. Lo's Chiropractor Service,Hospital/Medical,North Dean Road,Auburn,AL,,,,,,32.6112315,-85.4639141
East Alabama Medical Center Freestanding Emergency Department,Hospital/Medical,900 Camp Auburn Road,Auburn,AL,36832,+1 334 364 3000,,,,32.5845503,-85.500735
AC Hotel Auburn,Hotel/Lodging,146 North Gay Street,Auburn,AL,36830,+1-334-591-1116,https://www.marriott.com/en-us/hotels/csgar-ac-hotel-auburn/overview/,,,32.6079936,-85.4797174
Auburn University Hotel and Dixon Conference Center,Hotel/Lodging,241 South College Street,Auburn,AL,36849,+1-334-821-8200,https://www.auhcc.com/,,,32.6029392,-85.4809584
Graduate by Hilton Auburn AL,Hotel/Lodging,202 West Magnolia Avenue,Auburn,AL,36830,+1 334 752 4100,https://www.hilton.com/en/hotels/aubgagu-graduate-auburn-al/,,,32.6070181,-85.4833282
The Collegiate Hotel at Auburn,Hotel/Lodging,205 South Gay Street,Auburn,AL,36830,+1-334-821-2646,https://staycoho.com/,,,32.6039219,-85.4795779
Towneplace Suites,Hotel/Lodging,1117 South College Street,Auburn,AL,36832,+1 334-466-8390,https://www.marriott.com/csgau,,,32.5830914,-85.4897944
Sno Biz,Ice Cream/Dessert,,Auburn,AL,,,,,,32.5763932,-85.4979833
TCBY,Ice Cream/Dessert,300 North Dean Road,Auburn,AL,36830,+1-334-826-8828,,frozen_yogurt,"Su 12:00-23:00, Mo-Sa 11:00-23:00",32.6112328,-85.463778
The Yard Milkshake Bar,Ice Cream/Dessert,147 North College Street,Auburn,AL,36830,,,,,32.6079032,-85.481941
Foy Information Helpdesk,Information,,Auburn,AL,,+1 334 844 4244,,,,32.6022638,-85.4868945
Insurance Solutions Group,Insurance,,Auburn,AL,,,,,,32.615786,-85.4638704
"Reli, Inc.",Insurance,,Auburn,AL,,,,,,32.6157681,-85.4639628
ATS Alabama Corporation,It,933 Shug Jordan Parkway,Auburn,AL,36832,,,,,32.6038952,-85.50873
Jewelry by Design,Jewelry,590 North Dean Road,Auburn,AL,36830,+1-334-821-9940,,,"Mo-Fr 10:00-18:00, Sa 10:00-17:00",32.6192631,-85.4640875
Ware Jewellers,Jewelry,111 South College Street,Auburn,AL,36830,,,,,32.6062049,-85.4813879
Huff Smith Law,Lawyer,369 South College Street,Auburn,AL,36830,+1 334-329-5596,https://www.huffsmithlaw.com,,"Mo-Fr 08:00-17:30; Sa,Su off",32.5989327,-85.4814317
McCollum and Wilson,Lawyer,363 East Glenn Avenue,Auburn,AL,36830,+1 334 821 7799,https://www.mcwlegal.com/,,,32.6094279,-85.475564
Slocumb Law Firm,Lawyer,145 East Magnolia Avenue,Auburn,AL,36830,+1-334-741-4110,https://www.slocumblaw.com/alabama/auburn-al-lawyer,,,32.6067364,-85.4804929
The Bogdany Law Firm LLP,Lawyer,165 East Magnolia Avenue,Auburn,AL,36830,+1-334-539-8778,https://www.youralabamaattorneys.com/,,,32.6067011,-85.4801879
Auburn Public Library,Library,749 East Thach Avenue,Auburn,AL,36830-5545,+1 334-501-3190,,,,32.6049401,-85.4655898
"Library of Architecture, Design, and Construction",Library,,Auburn,AL,,,,,,32.5992363,-85.4861779
Ralph Brown Draughon Library and Mell Classroom Building,Library,231 Mell Street,Auburn,AL,36849,,https://www.lib.auburn.edu/,,,32.6030194,-85.4828458
Book Deposit,Library Dropoff,,Auburn,AL,,,,,,32.6026429,-85.4831165
ABC Store,Liquor Store,,Auburn,AL,,,,,,32.584273,-85.4879656
Z&Z Tobacco & Spirits,Liquor Store,203 Opelika Road,Auburn,AL,36830,+1-334-209-0078,,,Mo-Th 10:00-22:00; Fr-Sa 10:00-23:00; Su 12:00-22:00,32.6124748,-85.4794698
Julie Collins Smith Museum of Fine Art,Museum,901 South College Street,Auburn,AL,36849,,,,,32.5877518,-85.4837379
Mountain High Outfitters,Outdoor,339 South College Street,Auburn,AL,36830,,,,,32.5998073,-85.4815939
Agricultural Heritage Park,Park,,Auburn,AL,,,http://www.ag.auburn.edu/heritagepark/,,,32.5948825,-85.4923579
Auburn University Historic District,Park,,Auburn,AL,,,,,,32.6044569,-85.4838459
Bowden Park,Park,,Auburn,AL,,,,,,32.5998125,-85.4662145
Cater Lawn,Park,,Auburn,AL,,,,,,32.6037834,-85.4848394
Davis Arboretum,Park,,Auburn,AL,,,,,,32.5946549,-85.4836255
Felton Little Park,Park,,Auburn,AL,,,,,,32.610254,-85.4768191
Garden of Memory,Park,,Auburn,AL,,,,,,32.5969495,-85.4843986
Graham McTeer Park,Park,,Auburn,AL,,,,,,32.6028626,-85.4743346
Kiwanis Fitness Trail,Park,,Auburn,AL,,,,,,32.5981001,-85.4747085
Marger Piper Bailey Park,Park,910 Wrights Mill Road,Auburn,AL,36830,,,,,32.5880665,-85.4719466
Martin Luther King Park,Park,,Auburn,AL,,,,,,32.6074786,-85.502511
Moore’s Mill Park,Park,,Auburn,AL,,,,,,32.5884529,-85.4600386
Old Main and Church Street Historic District,Park,,Auburn,AL,,,,,,32.6120787,-85.4818936
RBD Library Park,Park,,Auburn,AL,,,,,,32.6021499,-85.4822244
Ross Square,Park,,Auburn,AL,,,,,,32.6044291,-85.4838585
Salmon Park,Park,,Auburn,AL,,,,,,32.5877199,-85.4778746
Sam Harris Park,Park,,Auburn,AL,,,,,,32.6200692,-85.4998435
Samford Avenue Tennis Center,Park,,Auburn,AL,,,,,,32.599482,-85.462847
Samford Park,Park,,Auburn,AL,,,,,,32.60531,-85.4826126
Samford Pool,Park,,Auburn,AL,,,,,,32.5973222,-85.4768676
Student Center Greenspace,Park,,Auburn,AL,,,,,,32.6013005,-85.4874051
Veteran's Memorial Park,Park,,Auburn,AL,,,,,,32.6092527,-85.4749384
160 Ross Parking Deck,Parking,,Auburn,AL,,,,,,32.6080567,-85.4737135
Auburn Municipal Parking,Parking,,Auburn,AL,,,,,,32.6073846,-85.4802839
Auburn Municipal Parking Deck,Parking,,Auburn,AL,,,,,"PH,Mo-Su 12:00-12:00,12:00+",32.6074255,-85.4806802
Car Impound Lot,Parking,,Auburn,AL,,,,,,32.6022978,-85.4995125
Comer Parking Lot,Parking,,Auburn,AL,,,,,,32.6009775,-85.4822062
Green Hall Parking,Parking,,Auburn,AL,,,,,,32.5913393,-85.5100677
Greene Hall,Parking,,Auburn,AL,,,,,,32.5902182,-85.5102876
Library Parking Deck,Parking,,Auburn,AL,,,,,,32.6019325,-85.4829058
Lower Parking Lot,Parking,,Auburn,AL,,,,,,32.5939725,-85.4983412
North Park,Parking,,Auburn,AL,,,,,,32.607075,-85.4953089
South College Street Parking Deck,Parking,,Auburn,AL,,,,,,32.6020473,-85.4812138
South Donahue Parking Deck,Parking,,Auburn,AL,,,,,,32.5984453,-85.4913337
South Quad Parking Deck,Parking,,Auburn,AL,,,,,,32.5941391,-85.4865774
Stadium Parking Deck,Parking,425 Heisman Drive,Auburn,AL,36849,,,,,32.6006286,-85.4886803
The Garden District Vistor Parking,Parking,,Auburn,AL,,,,,,32.5774328,-85.4886008
Upper Parking Lot,Parking,,Auburn,AL,,,,,,32.5948296,-85.4985687
Auburn University Student Pharmacy,Pharmacy,400 Lem Morrison Drive,Auburn,AL,36849,,,,,32.5931452,-85.4883007
CVS Pharmacy,Pharmacy,,Auburn,AL,,,https://www.cvs.com/store-locator/auburn-al-pharmacies/770-east-glenn-avenue-auburn-al-36830/storeid=2402,,,32.6083821,-85.465403
The Drug Store,Pharmacy,464 North Dean Road,Auburn,AL,36830,,,,Mo-Fr 08:00-18:00,32.6150253,-85.4639809
Walgreens,Pharmacy,,Auburn,AL,,,,,,32.6095513,-85.4654541
AT&T,Phone/Electronics,,Auburn,AL,,,,,,32.5831766,-85.4909999
Verizon,Phone/Electronics,,Auburn,AL,,,,,,32.5791253,-85.4962275
Football Practice Fields,Pitch,,Auburn,AL,,,,,,32.5982157,-85.4934645
Frank Brown Rec Center Basketball Court,Pitch,,Auburn,AL,,,,,,32.6130135,-85.4785683
Hitchcock Field,Pitch,,Auburn,AL,,,,,,32.5996626,-85.4895169
Jane B. Moore Field,Pitch,,Auburn,AL,,,,,,32.5979963,-85.4970991
Pat Dye Field,Pitch,,Auburn,AL,,,,,,32.6022316,-85.4891305
Soccer Complex,Pitch,,Auburn,AL,,,,,,32.5964524,-85.4944049
Public Safety and Security,Police,543 West Magnolia Avenue,Auburn,AL,36849,,,,,32.6059515,-85.4923746
United States Post Office,Post Office,300 Opelika Road,Auburn,AL,36830,+1-334-821-3754,,,Mo-Fr 08:30-17:00; Sa 09:00-13:00,32.6119256,-85.4768565
Auburn City Recycling Drop Off,Recycling,365-A North Donahue Drive,Auburn,AL,,,https://www.auburnalabama.org/recycle,,,32.6124678,-85.4911353
Goodwill Donation Center,Recycling,,Auburn,AL,,,,,Mo-Sa 09:00-20:00; Su 10:00-18:00,32.5757787,-85.4968758
J&W Glass Co. LLC,Repair,300 North Gay Street,Auburn,AL,36830,+1-334-821-9004,,,Mo-Fr 08:00-16:30,32.6104811,-85.4795415
Acapulco's Mexican Grill,Restaurant,1409 South College Street,Auburn,AL,36832,+1-334-501-9197,https://www.orderacapulcosmex.com/,mexican,Su-Fr 11:00-22:00; Sa 11:00-23:00,32.580376,-85.4949338
Amsterdam Cafe,Restaurant,,Auburn,AL,,,,,,32.5982217,-85.480157
Arigato Sushi Boutique,Restaurant,140 North College Street,Auburn,AL,36830,,,sushi,,32.6078048,-85.481517
Big Blue Bagel,Restaurant,120 North College Street,Auburn,AL,,,,,,32.6071332,-85.4815386
Byron's Smokehouse,Restaurant,436 Opelika Road,Auburn,AL,36830,+1-334-887-9981,https://www.byronsmokehouse.com/,barbecue,,32.6128365,-85.4738066
Chappy's Deli,Restaurant,754 East Glenn Avenue,Auburn,AL,36830,+1-334-821-7220,https://www.chappysdeli.com/auburn-menu,american;sandwich,Mo-Fr 06:00-20:00; Sa 06:00-16:00,32.6084068,-85.466236
Cheeburger Cheeburger,Restaurant,,Auburn,AL,,,,burger,,32.608192,-85.4815427
Chimac,Restaurant,203 Opelika Road,Auburn,AL,36830,+1-334-209-0520,,korean;wings,"Mo-We 11:00-14:30,16:30-22:00; Th-Fr 11:00-14:30,16:30-23:00",32.6124742,-85.4793346
East Sea Fishery,Restaurant,1100 South College Street,Auburn,AL,36830,+1-334-329-5500,,seafood,"Mo-Fr 11:00-15:00,17:00-22:00; Sa 11:00-22:00",32.5848856,-85.4897243
Eddie's Calzones,Restaurant,200 West Glenn Avenue,Auburn,AL,36830,+1-334-329-5111,,,Su-Sa 11:00-04:00,32.6092175,-85.482954
Esposito's Italian Bistro,Restaurant,154 North College Street,Auburn,AL,36830,,,italian,,32.6079434,-85.4815175
Fratelli's Ristorante Italiano,Restaurant,,Auburn,AL,,,,italian,,32.5799013,-85.4954032
Fuji Sushi Bar,Restaurant,,Auburn,AL,,,,sushi,,32.5793622,-85.4958957
Game Time Sports Bar & Grill,Restaurant,675 Opelika Road,Auburn,AL,36830,,,,,32.616157,-85.4665975
Halftime Sports Bar & Grill,Restaurant,156 North College Street,Auburn,AL,36830,+1-334-209-1444,https://www.halftimeauburn.com/,bar_and_grill,,32.6080771,-85.4815122
Hamilton's on Magnolia,Restaurant,174 East Magnolia Avenue,Auburn,AL,36830,,,,,32.6063791,-85.4800379
India Palace,Restaurant,1100 South College Street,Auburn,AL,36830,+1-334-209-0064,https://www.indiapalaceaub.com/,indian,"Tu-Su 11:00-14:30,17:00-21:30",32.5850053,-85.4907243
Island Wing Company,Restaurant,200 West Glenn Avenue,Auburn,AL,36830,+1-334-501-9555,,chicken,"Su-Th 11:00-22:00, Fr-Sa 11:00-23:00",32.6092123,-85.4831418
La Plaza,Restaurant,,Auburn,AL,,,,mexican,Mo-Sa 09:30-21:00; Su 09:30-20:00,32.5758242,-85.4968522
Little Italy,Restaurant,,Auburn,AL,,,,pizza,,32.6068275,-85.4809336
Live Oaks,Restaurant,201 North College Street,Auburn,AL,36830,,,,,32.6092278,-85.4821536
Maddio's Pizza,Restaurant,,Auburn,AL,,,,,,32.5999401,-85.4811921
Mellow Mushroom,Restaurant,,Auburn,AL,,,,pizza,,32.6073586,-85.4815314
Moe's Original Barbecue,Restaurant,,Auburn,AL,,,,,,32.6067779,-85.4810779
Moe's Southwestern Grill,Restaurant,114 West Magnolia Avenue,Auburn,AL,36830,,,southwestern,,32.6067939,-85.482494
Momma Goldberg's Deli,Restaurant,,Auburn,AL,,,,,,32.6067202,-85.4906376
Mylks Cookies,Restaurant,,Auburn,AL,,,,,,32.6067563,-85.4841114
Naruto Korean Restaurant,Restaurant,1445 South College Street,Auburn,AL,36832,,,asian,,32.5799702,-85.4953673
Newk's Eatery,Restaurant,340 South Gay Street,Auburn,AL,36830,,,,,32.6002737,-85.4803549
Panda,Restaurant,,Auburn,AL,,,,chinese,"Mo,We-Th,Su 11:00-22:00; Fr-Sa 11:00-23:00",32.5760601,-85.4967596
Rock N Roll Sushi,Restaurant,200 West Glenn Avenue,Auburn,AL,36830,+1-334-209-6253,https://rnrsushi.com/,sushi,"Su-Th 11:00-21:00, Fr-Sa 11:00-22:00",32.6092199,-85.4828147
Salsarita's,Restaurant,1111 South College Street,Auburn,AL,36832,,,mexican,,32.583561,-85.4902775
Seoul BBQ,Restaurant,,Auburn,AL,,,,korean,,32.6057902,-85.4815337
Shrimp Basket,Restaurant,,Auburn,AL,,,,,,32.575563,-85.4981067
Sushi Hero,Restaurant,1642 South College Street,Auburn,AL,36832,,,sushi,"Su-Th 11:00-21:00; Fr,Sa 11:00-22:00",32.5762558,-85.4988731
Tacorita,Restaurant,138 North College Street,Auburn,AL,36830,,,mexican,,32.607595,-85.4815301
Tenda Chick,Restaurant,,Auburn,AL,,,,chicken,,32.6099656,-85.4644071
The Depot,Restaurant,124 Mitcham Avenue,Auburn,AL,,,https://www.allaboardauburn.com/,seafood,,32.6102001,-85.4807656
The Hound,Restaurant,124 Tichenor Avenue,Auburn,AL,36830,,,american,,32.6078837,-85.480969
The Pita Pit,Restaurant,,Auburn,AL,,,,sandwich,,32.6080687,-85.4819066
Tropical Smoothie,Restaurant,,Auburn,AL,,,,,,32.6092057,-85.4833438
Uncle Charley's,Restaurant,403 Opelika Road,Auburn,AL,36830,,,,,32.6133967,-85.4756448
Vacant Building,Restaurant,307 North College Street,Auburn,AL,36830,,,,,32.6102101,-85.4822391
Village Wok,Restaurant,100 South College Street,Auburn,AL,36830,+1-334-501-2996,https://villagewokal.com/,chinese,Su 11:00-21:15; Mo-Fr 10:30-21:15,32.5850103,-85.4904289
Waffle House,Restaurant,,Auburn,AL,,+1 334-826-0987,https://locations.wafflehouse.com/auburn-al-1882/,american,24/7,32.6092897,-85.4826547
Yum Yums Food Specialty Shoppe,Restaurant,,Auburn,AL,,,,,,32.6146836,-85.4699812
Zoë's Kitchen,Restaurant,234 West Magnolia Avenue,Auburn,AL,36830,,,mediterranean,Mo-Su 11:00-21:30; PH unknown,32.6067582,-85.4844033
Auburn City Schools Board of Education,School,855 East Samford Avenue,Auburn,AL,,,,,,32.5991661,-85.4641194
Auburn Early Education Center,School,,Auburn,AL,,,,,,32.5857119,-85.4696136
Auburn Junior High School,School,405 South Dean Road,Auburn,AL,36830,+1 334-887-4970,https://www.auburnschools.org/ajhs,,,32.5966826,-85.4624256
Auburn University College of Veterinary Medicine,School,,Auburn,AL,,,,,,32.589787,-85.511392
Cary Woods Elementary School,School,,Auburn,AL,,,,,,32.6215204,-85.4852213
Dean Road Elementary School,School,,Auburn,AL,,,,,,32.6008746,-85.4637823
Drake Middle School,School,,Auburn,AL,,,,,,32.6179368,-85.4931418
East Samford School,School,332 East Samford Avenue,Auburn,AL,36830,+1 334 887 1960,https://www.auburnschools.org/ess,,,32.5972026,-85.4762899
Richland Elementary School,School,,Auburn,AL,,,,,,32.6192188,-85.5129291
Wrights Mill Road Elementary School,School,,Auburn,AL,,,,,,32.5898345,-85.471886
Campus Food Pantry,Social Facility,,Auburn,AL,,,,,,32.6013618,-85.4854693
Indoor Practice Facility,Sports Centre,,Auburn,AL,,,,,,32.5978106,-85.4932853
Student Activities Center,Sports Centre,671 Heisman Drive,Auburn,AL,36849,,,,,32.6002296,-85.4942003
Auburn Arena,Stadium,250 Beard-Eaves Court,Auburn,AL,36849,,,,,32.6026099,-85.4925155
Beard–Eaves–Memorial Coliseum,Stadium,650 Biggio Drive,Auburn,AL,36849,,,,,32.600121,-85.4923285
Jordan-Hare Stadium,Stadium,251 South Donahue Drive,Auburn,AL,36849,,,,,32.6021754,-85.489122
Plainsman Park,Stadium,,Auburn,AL,,,,,,32.5998203,-85.4896857
Stor-Eagle Storage,Storage,312 North Gay Street,Auburn,AL,36830,+1-334-521-6288,,,Mo-Fr 09:30-18:00; Sa 08:30-17:00,32.6107245,-85.4795121
Sun Self Storage,Storage,,Auburn,AL,,,,,,32.615598,-85.4695241
Outdoor Training Pool,Swimming Pool,,Auburn,AL,,,,,,32.601407,-85.493914
Spinks & Son Tailoring Shop,Tailor,,Auburn,AL,,,,,,32.6104951,-85.4750875
Graves Amphitheater,Theatre,,Auburn,AL,,,,,,32.5992961,-85.4870312
Telfair Peet Theatre,Theatre,350 West Samford Avenue,Auburn,AL,36849,,,,,32.5984185,-85.4869672
Da Gallery,Tobacco/Vape,1409 South College Street,Auburn,AL,36832,,,,,32.5805375,-85.4947557
City Hall,Townhall,,Auburn,AL,,,,,,32.6080166,-85.4802899
Auburn Tire Service,Tyres,459 Opelika Road,Auburn,AL,36830,+1-334-887-8558,,,Mo-Fr 08:00-17:00,32.6136122,-85.4730548
Auburn University Raptor Center,University,1350 Pratt-Carden Dr.,Auburn,AL,36849,,https://www.vetmed.auburn.edu/raptor/,,,32.5984942,-85.5082258
Ludwig von Mises Institute,University,,Auburn,AL,,,,,,32.6067157,-85.4910049
Dollar General,Variety Store,,Auburn,AL,,,https://www.dollargeneral.com/store-directory/al/auburn/8665,,,32.5793402,-85.4887644
Family Dollar,Variety Store,,Auburn,AL,,,,,,32.6104727,-85.4897195
Auburn University Veterinary Clinic,Veterinary,1180 Wire Road,Auburn,AL,36849,,,,,32.5900685,-85.5109055
John Thomas Vaughan Large Animal Teaching Hospital,Veterinary,1500 Wire Road,Auburn,AL,36849,,,,,32.5885018,-85.5130153
North Gay Veterinary Clinic,Veterinary,438 North Gay Street,Auburn,AL,,,,,,32.6134616,-85.4796045
Wilford and Kate Bailey Small Animal Teaching Hospital,Veterinary,1220 Wire Road,Auburn,AL,36849,,,,,32.5895181,-85.5116507
Creekside of Auburn Sales Office,Yes,650 Dekalb Street,Auburn,AL,36830,+1-334-321-2356,,,"Mo-Fr 09:00-18:00, Sa 10:00-16:00, Su 13:00-16:00",32.6180124,-85.4684913
